taskID,passage,pairs
LLL.d0.s0_0,"In vivo studies of the activity of four of the kinases, KinA, KinC, KinD (ykvD) and KinE (ykrQ), using abrB transcription as an indicator of Spo0A~P level, revealed that PROTEIN1 and PROTEIN were responsible for PROTEIN2 production during the exponential phase of growth in the absence of KinA and KinB.","[{""label"": ""true""}]"
LLL.d0.s0_1,"In vivo studies of the activity of four of the kinases, KinA, KinC, KinD (ykvD) and KinE (ykrQ), using abrB transcription as an indicator of Spo0A~P level, revealed that PROTEIN1 and PROTEIN2 were responsible for PROTEIN production during the exponential phase of growth in the absence of KinA and KinB.","[{""label"": ""false""}]"
LLL.d0.s0_2,"In vivo studies of the activity of four of the kinases, KinA, KinC, KinD (ykvD) and KinE (ykrQ), using abrB transcription as an indicator of Spo0A~P level, revealed that PROTEIN and PROTEIN1 were responsible for PROTEIN2 production during the exponential phase of growth in the absence of KinA and KinB.","[{""label"": ""true""}]"
LLL.d1.s0_3,"In this mutant, expression of the PROTEIN gene, whose transcription depends on both PROTEIN1 and the phosphorylated PROTEIN2 protein, Spo0A~P, a major transcription factor during early stages of sporulation, was greatly reduced at 43 degrees C.","[{""label"": ""false""}]"
LLL.d1.s0_4,"In this mutant, expression of the PROTEIN1 gene, whose transcription depends on both PROTEIN and the phosphorylated PROTEIN2 protein, Spo0A~P, a major transcription factor during early stages of sporulation, was greatly reduced at 43 degrees C.","[{""label"": ""true""}]"
LLL.d1.s0_5,"In this mutant, expression of the PROTEIN1 gene, whose transcription depends on both PROTEIN2 and the phosphorylated PROTEIN protein, Spo0A~P, a major transcription factor during early stages of sporulation, was greatly reduced at 43 degrees C.","[{""label"": ""true""}]"
LLL.d2.s0_6,Transcription of PROTEIN1 was dependent on PROTEIN2 and the mRNA was detectable from 2 h after the cessation of logarithmic growth (T2 of sporulation).,"[{""label"": ""true""}]"
LLL.d2.s1_7, PROTEIN1 was transcribed by PROTEIN2 RNA polymerase from T4 of sporulation.,"[{""label"": ""true""}]"
LLL.d2.s2_8,"Both PROTEIN1 and PROTEIN were essential for PROTEIN2 expression, and this gene was transcribed from T5 of sporulation.","[{""label"": ""true""}]"
LLL.d2.s2_9,"Both PROTEIN1 and PROTEIN2 were essential for PROTEIN expression, and this gene was transcribed from T5 of sporulation.","[{""label"": ""false""}]"
LLL.d2.s2_10,"Both PROTEIN and PROTEIN1 were essential for PROTEIN2 expression, and this gene was transcribed from T5 of sporulation.","[{""label"": ""true""}]"
LLL.d3.s0_11,"Analysis of the expression of a translational ywhE-lacZ fusion showed that PROTEIN1 expression is sporulation-specific, and is controlled predominantly by the forespore-specific sigma factor PROTEIN and to a lesser extent by PROTEIN2 ","[{""label"": ""true""}]"
LLL.d3.s0_12,"Analysis of the expression of a translational ywhE-lacZ fusion showed that PROTEIN expression is sporulation-specific, and is controlled predominantly by the forespore-specific sigma factor PROTEIN1 and to a lesser extent by PROTEIN2 ","[{""label"": ""false""}]"
LLL.d3.s0_13,"Analysis of the expression of a translational ywhE-lacZ fusion showed that PROTEIN1 expression is sporulation-specific, and is controlled predominantly by the forespore-specific sigma factor PROTEIN2 and to a lesser extent by PROTEIN ","[{""label"": ""true""}]"
LLL.d4.s0_14,"Secondly, PROTEIN1 is essential for the activation of the first compartment-specific transcription factor PROTEIN2 in the prespore.","[{""label"": ""true""}]"
LLL.d4.s1_15,Localization of PROTEIN1 was shown to be dependent on the essential cell division protein PROTEIN2 ,"[{""label"": ""true""}]"
LLL.d5.s0_16,"In the shaA mutant, PROTEIN1 dependent expression of PROTEIN and PROTEIN2 at an early stage of sporulation was sensitive to external NaCl.","[{""label"": ""true""}]"
LLL.d5.s0_17,"In the shaA mutant, PROTEIN1 dependent expression of PROTEIN2 and PROTEIN at an early stage of sporulation was sensitive to external NaCl.","[{""label"": ""true""}]"
LLL.d5.s0_18,"In the shaA mutant, PROTEIN dependent expression of PROTEIN1 and PROTEIN2 at an early stage of sporulation was sensitive to external NaCl.","[{""label"": ""false""}]"
LLL.d6.s0_19,The expression of PROTEIN is under the control of both PROTEIN1 and PROTEIN2 ,"[{""label"": ""false""}]"
LLL.d6.s0_20,The expression of PROTEIN1 is under the control of both PROTEIN and PROTEIN2 ,"[{""label"": ""true""}]"
LLL.d6.s0_21,The expression of PROTEIN1 is under the control of both PROTEIN2 and PROTEIN ,"[{""label"": ""true""}]"
LLL.d7.s0_22,Expression of the PROTEIN1 dependent PROTEIN gene depended on PROTEIN2 ,"[{""label"": ""false""}]"
LLL.d7.s0_23,Expression of the PROTEIN1 dependent PROTEIN2 gene depended on PROTEIN ,"[{""label"": ""true""}]"
LLL.d7.s0_24,Expression of the PROTEIN dependent PROTEIN1 gene depended on PROTEIN2 ,"[{""label"": ""true""}]"
LLL.d8.s0_25,Our results indicate that the level of PROTEIN1 level in outgrowing spores depends mainly on PROTEIN2 because sigB mutants show normal KatX activity in dormant and outgrowing spores.,"[{""label"": ""true""}]"
LLL.d8.s1_26,"Therefore, the physiological role of PROTEIN1 dependent PROTEIN2 expression remains obscure.","[{""label"": ""true""}]"
LLL.d8.s2_27,"The -10 and -35 sequences of the PROTEIN1 and PROTEIN2 dependent promoters of PROTEIN overlap, and the transcriptional start points used by EsigmaB and EsigmaF differ by only one nucleotide.","[{""label"": ""false""}]"
LLL.d8.s2_28,"The -10 and -35 sequences of the PROTEIN and PROTEIN1 dependent promoters of PROTEIN2 overlap, and the transcriptional start points used by EsigmaB and EsigmaF differ by only one nucleotide.","[{""label"": ""true""}]"
LLL.d8.s2_29,"The -10 and -35 sequences of the PROTEIN1 and PROTEIN dependent promoters of PROTEIN2 overlap, and the transcriptional start points used by EsigmaB and EsigmaF differ by only one nucleotide.","[{""label"": ""true""}]"
LLL.d8.s3_30,"We demonstrated that PROTEIN1 is also a PROTEIN2 dependent general stress gene, since it is strongly induced by heat, salt and ethanol stress, as well as by energy depletion.","[{""label"": ""true""}]"
LLL.d9.s0_31,"Taken together, the results support the idea that sequestration of PROTEIN1 protein into the prespore plays an important role in the control of PROTEIN2 activation and in coupling this activation to septation.","[{""label"": ""true""}]"
LLL.d9.s1_32," PROTEIN is controlled by a regulatory cascade involving an anti-sigma factor, PROTEIN1 an anti-anti-sigma factor, PROTEIN2 and a membrane-bound phosphatase, PROTEIN which converts the inactive, phosphorylated form of PROTEIN back to the active form.","[{""label"": ""false""}]"
LLL.d9.s1_33," PROTEIN is controlled by a regulatory cascade involving an anti-sigma factor, PROTEIN an anti-anti-sigma factor, PROTEIN1 and a membrane-bound phosphatase, PROTEIN which converts the inactive, phosphorylated form of PROTEIN2 back to the active form.","[{""label"": ""false""}]"
LLL.d9.s1_34," PROTEIN1 is controlled by a regulatory cascade involving an anti-sigma factor, PROTEIN an anti-anti-sigma factor, PROTEIN2 and a membrane-bound phosphatase, PROTEIN which converts the inactive, phosphorylated form of PROTEIN back to the active form.","[{""label"": ""true""}]"
LLL.d9.s1_35," PROTEIN is controlled by a regulatory cascade involving an anti-sigma factor, PROTEIN an anti-anti-sigma factor, PROTEIN1 and a membrane-bound phosphatase, PROTEIN2 which converts the inactive, phosphorylated form of PROTEIN back to the active form.","[{""label"": ""false""}]"
LLL.d9.s1_36," PROTEIN is controlled by a regulatory cascade involving an anti-sigma factor, PROTEIN1 an anti-anti-sigma factor, PROTEIN and a membrane-bound phosphatase, PROTEIN which converts the inactive, phosphorylated form of PROTEIN2 back to the active form.","[{""label"": ""false""}]"
LLL.d9.s1_37," PROTEIN1 is controlled by a regulatory cascade involving an anti-sigma factor, PROTEIN2 an anti-anti-sigma factor, PROTEIN and a membrane-bound phosphatase, PROTEIN which converts the inactive, phosphorylated form of PROTEIN back to the active form.","[{""label"": ""true""}]"
LLL.d9.s1_38," PROTEIN is controlled by a regulatory cascade involving an anti-sigma factor, PROTEIN1 an anti-anti-sigma factor, PROTEIN and a membrane-bound phosphatase, PROTEIN2 which converts the inactive, phosphorylated form of PROTEIN back to the active form.","[{""label"": ""false""}]"
LLL.d9.s1_39," PROTEIN1 is controlled by a regulatory cascade involving an anti-sigma factor, PROTEIN an anti-anti-sigma factor, PROTEIN and a membrane-bound phosphatase, PROTEIN which converts the inactive, phosphorylated form of PROTEIN2 back to the active form.","[{""label"": ""false""}]"
LLL.d9.s1_40," PROTEIN is controlled by a regulatory cascade involving an anti-sigma factor, PROTEIN an anti-anti-sigma factor, PROTEIN and a membrane-bound phosphatase, PROTEIN1 which converts the inactive, phosphorylated form of PROTEIN2 back to the active form.","[{""label"": ""true""}]"
LLL.d9.s1_41," PROTEIN1 is controlled by a regulatory cascade involving an anti-sigma factor, PROTEIN an anti-anti-sigma factor, PROTEIN and a membrane-bound phosphatase, PROTEIN2 which converts the inactive, phosphorylated form of PROTEIN back to the active form.","[{""label"": ""true""}]"
LLL.d10.s0_42,"The PROTEIN gene of Bacillus subtilis, encoding a catabolic glutamate dehydrogenase, is transcribed by PROTEIN1 containing RNA polymerase and requires for its expression PROTEIN2 a member of the NtrC/NifA family of proteins that bind to enhancer-like elements, called upstream activating sequences (UAS).","[{""label"": ""false""}]"
LLL.d10.s0_43,"The PROTEIN1 gene of Bacillus subtilis, encoding a catabolic glutamate dehydrogenase, is transcribed by PROTEIN2 containing RNA polymerase and requires for its expression PROTEIN a member of the NtrC/NifA family of proteins that bind to enhancer-like elements, called upstream activating sequences (UAS).","[{""label"": ""true""}]"
LLL.d10.s0_44,"The PROTEIN1 gene of Bacillus subtilis, encoding a catabolic glutamate dehydrogenase, is transcribed by PROTEIN containing RNA polymerase and requires for its expression PROTEIN2 a member of the NtrC/NifA family of proteins that bind to enhancer-like elements, called upstream activating sequences (UAS).","[{""label"": ""true""}]"
LLL.d10.s1_45,"Unlike the case for other PROTEIN1 dependent genes, PROTEIN2 has no UAS; instead, its expression depends on a sequence located 1.5 kilobases downstream of the rocG promoter, beyond the end of the rocG coding region.","[{""label"": ""true""}]"
LLL.d12.s0_46,Northern blot and primer extension analyses indicated that PROTEIN1 is transcribed by PROTEIN2 during sporulation.,"[{""label"": ""true""}]"
LLL.d12.s1_47,These results suggest that PROTEIN may act as a negative regulator for the transcription of PROTEIN PROTEIN1 PROTEIN2 and PROTEIN ,"[{""label"": ""false""}]"
LLL.d12.s1_48,These results suggest that PROTEIN1 may act as a negative regulator for the transcription of PROTEIN PROTEIN2 PROTEIN and PROTEIN ,"[{""label"": ""true""}]"
LLL.d12.s1_49,These results suggest that PROTEIN may act as a negative regulator for the transcription of PROTEIN PROTEIN1 PROTEIN and PROTEIN2 ,"[{""label"": ""false""}]"
LLL.d12.s1_50,These results suggest that PROTEIN may act as a negative regulator for the transcription of PROTEIN1 PROTEIN2 PROTEIN and PROTEIN ,"[{""label"": ""false""}]"
LLL.d12.s1_51,These results suggest that PROTEIN1 may act as a negative regulator for the transcription of PROTEIN PROTEIN PROTEIN2 and PROTEIN ,"[{""label"": ""true""}]"
LLL.d12.s1_52,These results suggest that PROTEIN may act as a negative regulator for the transcription of PROTEIN PROTEIN PROTEIN1 and PROTEIN2 ,"[{""label"": ""false""}]"
LLL.d12.s1_53,These results suggest that PROTEIN may act as a negative regulator for the transcription of PROTEIN1 PROTEIN PROTEIN2 and PROTEIN ,"[{""label"": ""false""}]"
LLL.d12.s1_54,These results suggest that PROTEIN1 may act as a negative regulator for the transcription of PROTEIN PROTEIN PROTEIN and PROTEIN2 ,"[{""label"": ""true""}]"
LLL.d12.s1_55,These results suggest that PROTEIN1 may act as a negative regulator for the transcription of PROTEIN2 PROTEIN PROTEIN and PROTEIN ,"[{""label"": ""true""}]"
LLL.d12.s1_56,These results suggest that PROTEIN may act as a negative regulator for the transcription of PROTEIN1 PROTEIN PROTEIN and PROTEIN2 ,"[{""label"": ""false""}]"
LLL.d14.s0_57,"The first stage, which involves the phosphatase function of PROTEIN depends on the cell division protein PROTEIN1 and could correspond to the PROTEIN dependent assembly of PROTEIN2 into E-rings.","[{""label"": ""false""}]"
LLL.d14.s0_58,"The first stage, which involves the phosphatase function of PROTEIN1 depends on the cell division protein PROTEIN and could correspond to the PROTEIN dependent assembly of PROTEIN2 into E-rings.","[{""label"": ""false""}]"
LLL.d14.s0_59,"The first stage, which involves the phosphatase function of PROTEIN depends on the cell division protein PROTEIN and could correspond to the PROTEIN1 dependent assembly of PROTEIN2 into E-rings.","[{""label"": ""true""}]"
LLL.d14.s0_60,"The first stage, which involves the phosphatase function of PROTEIN1 depends on the cell division protein PROTEIN2 and could correspond to the PROTEIN dependent assembly of PROTEIN into E-rings.","[{""label"": ""true""}]"
LLL.d14.s0_61,"The first stage, which involves the phosphatase function of PROTEIN depends on the cell division protein PROTEIN1 and could correspond to the PROTEIN2 dependent assembly of PROTEIN into E-rings.","[{""label"": ""false""}]"
LLL.d14.s0_62,"The first stage, which involves the phosphatase function of PROTEIN1 depends on the cell division protein PROTEIN and could correspond to the PROTEIN2 dependent assembly of PROTEIN into E-rings.","[{""label"": ""false""}]"
LLL.d14.s1_63,Evidence based on the use of modified and mutant forms of the phosphatase protein indicates that PROTEIN1 blocks the capacity of unphosphorylated PROTEIN2 to activate PROTEIN until formation of the polar septum is completed.,"[{""label"": ""true""}]"
LLL.d14.s1_64,Evidence based on the use of modified and mutant forms of the phosphatase protein indicates that PROTEIN blocks the capacity of unphosphorylated PROTEIN1 to activate PROTEIN2 until formation of the polar septum is completed.,"[{""label"": ""true""}]"
LLL.d14.s1_65,Evidence based on the use of modified and mutant forms of the phosphatase protein indicates that PROTEIN1 blocks the capacity of unphosphorylated PROTEIN to activate PROTEIN2 until formation of the polar septum is completed.,"[{""label"": ""false""}]"
LLL.d14.s2_66,Cell-specific activation of transcription factor PROTEIN1 during sporulation in Bacillus subtilis requires the formation of the polar septum and the activity of a serine phosphatase ( PROTEIN2 located in the septum.,"[{""label"": ""true""}]"
LLL.d14.s3_67,The PROTEIN1 phosphatase indirectly activates PROTEIN by dephosphorylating a protein ( PROTEIN2 in the pathway that controls the activity of the transcription factor.,"[{""label"": ""true""}]"
LLL.d14.s3_68,The PROTEIN phosphatase indirectly activates PROTEIN1 by dephosphorylating a protein ( PROTEIN2 in the pathway that controls the activity of the transcription factor.,"[{""label"": ""true""}]"
LLL.d14.s3_69,The PROTEIN1 phosphatase indirectly activates PROTEIN2 by dephosphorylating a protein ( PROTEIN in the pathway that controls the activity of the transcription factor.,"[{""label"": ""true""}]"
LLL.d15.s0_70,Dephosphorylation of PROTEIN1 by PROTEIN2 is strictly dependent on the presence of the bivalent metal ions Mn2+ or Mg2+.,"[{""label"": ""true""}]"
LLL.d16.s0_71,(i) The finding that the PROTEIN1 operon is under PROTEIN2 control indicates that the elimination of multidrug compounds might be a new function in multiple stress resistance.,"[{""label"": ""true""}]"
LLL.d16.s1_72,"The PROTEIN1 gene might belong to the increasing number of PROTEIN2 dependent genes whose orthologues are under the control of sigmas in Escherichia coli, indicating that both regulons may fulfil similar functions.","[{""label"": ""true""}]"
LLL.d16.s2_73,Three new PROTEIN1 dependent genes ( PROTEIN2 PROTEIN and PROTEIN encoding proteins with still unknown functions were also described.,"[{""label"": ""true""}]"
LLL.d16.s2_74,Three new PROTEIN1 dependent genes ( PROTEIN PROTEIN2 and PROTEIN encoding proteins with still unknown functions were also described.,"[{""label"": ""true""}]"
LLL.d16.s2_75,Three new PROTEIN1 dependent genes ( PROTEIN PROTEIN and PROTEIN2 encoding proteins with still unknown functions were also described.,"[{""label"": ""true""}]"
LLL.d16.s2_76,Three new PROTEIN dependent genes ( PROTEIN1 PROTEIN2 and PROTEIN encoding proteins with still unknown functions were also described.,"[{""label"": ""false""}]"
LLL.d16.s2_77,Three new PROTEIN dependent genes ( PROTEIN1 PROTEIN and PROTEIN2 encoding proteins with still unknown functions were also described.,"[{""label"": ""false""}]"
LLL.d16.s2_78,Three new PROTEIN dependent genes ( PROTEIN PROTEIN1 and PROTEIN2 encoding proteins with still unknown functions were also described.,"[{""label"": ""false""}]"
LLL.d17.s0_79,"Cell specificity is first established in the forespore under the control of the PROTEIN1 factor, which is itself activated through the action of the PROTEIN2 serine phosphatase, an enzyme targeted to the septum between the two cells.","[{""label"": ""true""}]"
LLL.d18.s0_80,"Most PROTEIN genes, and the PROTEIN1 gene, are transcribed by PROTEIN2 RNA polymerase.","[{""label"": ""true""}]"
LLL.d18.s0_81,"Most PROTEIN1 genes, and the PROTEIN gene, are transcribed by PROTEIN2 RNA polymerase.","[{""label"": ""true""}]"
LLL.d18.s0_82,"Most PROTEIN1 genes, and the PROTEIN2 gene, are transcribed by PROTEIN RNA polymerase.","[{""label"": ""false""}]"
LLL.d18.s1_83,"Previously, it was shown that the PROTEIN1 protein inhibits transcription in vitro of the PROTEIN2 gene encoding sigmaK.","[{""label"": ""true""}]"
LLL.d18.s2_84,These results demonstrate that PROTEIN1 dependent transcription of PROTEIN initiates a negative feedback loop in which PROTEIN2 acts as a repressor to limit production of PROTEIN ,"[{""label"": ""false""}]"
LLL.d18.s2_85,These results demonstrate that PROTEIN1 dependent transcription of PROTEIN2 initiates a negative feedback loop in which PROTEIN acts as a repressor to limit production of PROTEIN ,"[{""label"": ""true""}]"
LLL.d18.s2_86,These results demonstrate that PROTEIN1 dependent transcription of PROTEIN initiates a negative feedback loop in which PROTEIN acts as a repressor to limit production of PROTEIN2 ,"[{""label"": ""false""}]"
LLL.d18.s2_87,These results demonstrate that PROTEIN dependent transcription of PROTEIN1 initiates a negative feedback loop in which PROTEIN2 acts as a repressor to limit production of PROTEIN ,"[{""label"": ""false""}]"
LLL.d18.s2_88,These results demonstrate that PROTEIN dependent transcription of PROTEIN initiates a negative feedback loop in which PROTEIN1 acts as a repressor to limit production of PROTEIN2 ,"[{""label"": ""true""}]"
LLL.d18.s2_89,These results demonstrate that PROTEIN dependent transcription of PROTEIN1 initiates a negative feedback loop in which PROTEIN acts as a repressor to limit production of PROTEIN2 ,"[{""label"": ""false""}]"
LLL.d18.s3_90,"A low level of PROTEIN1 activated transcription of PROTEIN by PROTEIN2 RNA polymerase in vitro, but a higher level of PROTEIN repressed PROTEIN transcription.","[{""label"": ""true""}]"
LLL.d18.s3_91,"A low level of PROTEIN1 activated transcription of PROTEIN by PROTEIN RNA polymerase in vitro, but a higher level of PROTEIN repressed PROTEIN2 transcription.","[{""label"": ""false""}]"
LLL.d18.s3_92,"A low level of PROTEIN1 activated transcription of PROTEIN by PROTEIN RNA polymerase in vitro, but a higher level of PROTEIN2 repressed PROTEIN transcription.","[{""label"": ""false""}]"
LLL.d18.s3_93,"A low level of PROTEIN1 activated transcription of PROTEIN2 by PROTEIN RNA polymerase in vitro, but a higher level of PROTEIN repressed PROTEIN transcription.","[{""label"": ""true""}]"
LLL.d18.s3_94,"A low level of PROTEIN activated transcription of PROTEIN by PROTEIN1 RNA polymerase in vitro, but a higher level of PROTEIN repressed PROTEIN2 transcription.","[{""label"": ""false""}]"
LLL.d18.s3_95,"A low level of PROTEIN activated transcription of PROTEIN by PROTEIN1 RNA polymerase in vitro, but a higher level of PROTEIN2 repressed PROTEIN transcription.","[{""label"": ""false""}]"
LLL.d18.s3_96,"A low level of PROTEIN activated transcription of PROTEIN1 by PROTEIN2 RNA polymerase in vitro, but a higher level of PROTEIN repressed PROTEIN transcription.","[{""label"": ""true""}]"
LLL.d18.s3_97,"A low level of PROTEIN activated transcription of PROTEIN by PROTEIN RNA polymerase in vitro, but a higher level of PROTEIN1 repressed PROTEIN2 transcription.","[{""label"": ""true""}]"
LLL.d18.s3_98,"A low level of PROTEIN activated transcription of PROTEIN1 by PROTEIN RNA polymerase in vitro, but a higher level of PROTEIN repressed PROTEIN2 transcription.","[{""label"": ""false""}]"
LLL.d18.s3_99,"A low level of PROTEIN activated transcription of PROTEIN1 by PROTEIN RNA polymerase in vitro, but a higher level of PROTEIN2 repressed PROTEIN transcription.","[{""label"": ""false""}]"
LLL.d18.s4_100,"Here, we show that PROTEIN1 binds near the PROTEIN2 transcriptional start site, to act as a repressor.","[{""label"": ""true""}]"
LLL.d18.s5_101,We show that PROTEIN1 binds to two sites that span the -35 region of the PROTEIN2 promoter.,"[{""label"": ""true""}]"
LLL.d18.s6_102,These results suggest that a rising level of PROTEIN1 in sporulating cells may first activate PROTEIN2 transcription from the upstream site then repress transcription as the downstream site becomes occupied.,"[{""label"": ""true""}]"
LLL.d19.s0_103, PROTEIN1 transcription also requires the DNA binding protein PROTEIN2 ,"[{""label"": ""true""}]"
LLL.d19.s1_104,"In contrast, PROTEIN1 is transcribed in the forespore compartment by RNA polymerase with the forespore-specific PROTEIN2 and appears to give a monocistronic transcript.","[{""label"": ""true""}]"
LLL.d20.s0_105, PROTEIN1 negatively controls the transcription of PROTEIN by stimulating the transcription of PROTEIN2 PROTEIN thereby increasing the production of the PROTEIN antisigma factor that inhibits PROTEIN activity.,"[{""label"": ""true""}]"
LLL.d20.s0_106, PROTEIN1 negatively controls the transcription of PROTEIN by stimulating the transcription of PROTEIN PROTEIN2 thereby increasing the production of the PROTEIN antisigma factor that inhibits PROTEIN activity.,"[{""label"": ""true""}]"
LLL.d20.s0_107, PROTEIN1 negatively controls the transcription of PROTEIN by stimulating the transcription of PROTEIN PROTEIN thereby increasing the production of the PROTEIN antisigma factor that inhibits PROTEIN2 activity.,"[{""label"": ""false""}]"
LLL.d20.s0_108, PROTEIN1 negatively controls the transcription of PROTEIN2 by stimulating the transcription of PROTEIN PROTEIN thereby increasing the production of the PROTEIN antisigma factor that inhibits PROTEIN activity.,"[{""label"": ""true""}]"
LLL.d20.s0_109, PROTEIN1 negatively controls the transcription of PROTEIN by stimulating the transcription of PROTEIN PROTEIN thereby increasing the production of the PROTEIN2 antisigma factor that inhibits PROTEIN activity.,"[{""label"": ""true""}]"
LLL.d20.s0_110, PROTEIN negatively controls the transcription of PROTEIN by stimulating the transcription of PROTEIN1 PROTEIN2 thereby increasing the production of the PROTEIN antisigma factor that inhibits PROTEIN activity.,"[{""label"": ""false""}]"
LLL.d20.s0_111, PROTEIN negatively controls the transcription of PROTEIN by stimulating the transcription of PROTEIN1 PROTEIN thereby increasing the production of the PROTEIN antisigma factor that inhibits PROTEIN2 activity.,"[{""label"": ""false""}]"
LLL.d20.s0_112, PROTEIN negatively controls the transcription of PROTEIN1 by stimulating the transcription of PROTEIN2 PROTEIN thereby increasing the production of the PROTEIN antisigma factor that inhibits PROTEIN activity.,"[{""label"": ""false""}]"
LLL.d20.s0_113, PROTEIN negatively controls the transcription of PROTEIN by stimulating the transcription of PROTEIN1 PROTEIN thereby increasing the production of the PROTEIN2 antisigma factor that inhibits PROTEIN activity.,"[{""label"": ""false""}]"
LLL.d20.s0_114, PROTEIN negatively controls the transcription of PROTEIN by stimulating the transcription of PROTEIN PROTEIN1 thereby increasing the production of the PROTEIN antisigma factor that inhibits PROTEIN2 activity.,"[{""label"": ""false""}]"
LLL.d20.s0_115, PROTEIN negatively controls the transcription of PROTEIN1 by stimulating the transcription of PROTEIN PROTEIN2 thereby increasing the production of the PROTEIN antisigma factor that inhibits PROTEIN activity.,"[{""label"": ""false""}]"
LLL.d20.s0_116, PROTEIN negatively controls the transcription of PROTEIN by stimulating the transcription of PROTEIN PROTEIN1 thereby increasing the production of the PROTEIN2 antisigma factor that inhibits PROTEIN activity.,"[{""label"": ""false""}]"
LLL.d20.s0_117, PROTEIN negatively controls the transcription of PROTEIN1 by stimulating the transcription of PROTEIN PROTEIN thereby increasing the production of the PROTEIN antisigma factor that inhibits PROTEIN2 activity.,"[{""label"": ""false""}]"
LLL.d20.s0_118, PROTEIN negatively controls the transcription of PROTEIN by stimulating the transcription of PROTEIN PROTEIN thereby increasing the production of the PROTEIN1 antisigma factor that inhibits PROTEIN2 activity.,"[{""label"": ""true""}]"
LLL.d20.s0_119, PROTEIN negatively controls the transcription of PROTEIN1 by stimulating the transcription of PROTEIN PROTEIN thereby increasing the production of the PROTEIN2 antisigma factor that inhibits PROTEIN activity.,"[{""label"": ""false""}]"
LLL.d21.s0_120,This stress-induced increase in PROTEIN1 expression is absolutely dependent on the alternative sigma factor PROTEIN2 which controls a large stationary-phase and stress regulon.,"[{""label"": ""true""}]"
LLL.d22.s0_121, PROTEIN1 also contributes to the expression of PROTEIN2 a putative membrane-bound glucosyl transferase that is partially controlled by the PROTEIN stress response sigma factor.,"[{""label"": ""true""}]"
LLL.d22.s0_122, PROTEIN also contributes to the expression of PROTEIN1 a putative membrane-bound glucosyl transferase that is partially controlled by the PROTEIN2 stress response sigma factor.,"[{""label"": ""true""}]"
LLL.d22.s0_123, PROTEIN1 also contributes to the expression of PROTEIN a putative membrane-bound glucosyl transferase that is partially controlled by the PROTEIN2 stress response sigma factor.,"[{""label"": ""false""}]"
LLL.d23.s0_124,"Transcriptional studies showed that PROTEIN1 is strongly induced in response to heat, ethanol and salt stress or after starvation for glucose in a PROTEIN2 dependent manner.","[{""label"": ""true""}]"
LLL.d24.s0_125,"Furthermore, PROTEIN1 and PROTEIN seemed to be induced after phosphate starvation in the wild type in a PROTEIN2 dependent manner and in the sigB mutant probably via PROTEIN ","[{""label"": ""true""}]"
LLL.d24.s0_126,"Furthermore, PROTEIN1 and PROTEIN seemed to be induced after phosphate starvation in the wild type in a PROTEIN dependent manner and in the sigB mutant probably via PROTEIN2 ","[{""label"": ""true""}]"
LLL.d24.s0_127,"Furthermore, PROTEIN1 and PROTEIN2 seemed to be induced after phosphate starvation in the wild type in a PROTEIN dependent manner and in the sigB mutant probably via PROTEIN ","[{""label"": ""false""}]"
LLL.d24.s0_128,"Furthermore, PROTEIN and PROTEIN seemed to be induced after phosphate starvation in the wild type in a PROTEIN1 dependent manner and in the sigB mutant probably via PROTEIN2 ","[{""label"": ""false""}]"
LLL.d24.s0_129,"Furthermore, PROTEIN and PROTEIN1 seemed to be induced after phosphate starvation in the wild type in a PROTEIN2 dependent manner and in the sigB mutant probably via PROTEIN ","[{""label"": ""true""}]"
LLL.d24.s0_130,"Furthermore, PROTEIN and PROTEIN1 seemed to be induced after phosphate starvation in the wild type in a PROTEIN dependent manner and in the sigB mutant probably via PROTEIN2 ","[{""label"": ""true""}]"
LLL.d25.s0_131,The expression of the PROTEIN1 operon was induced by the presence of isoleucine or valine in the growth medium and depended upon the presence of the sigma factor PROTEIN2 a member of the sigma 54 family.,"[{""label"": ""true""}]"
LLL.d26.s0_132,From these results we conclude that PROTEIN1 negatively regulates PROTEIN2 expression by preventing PROTEIN driven transcription of PROTEIN possibly through interaction with the control region.,"[{""label"": ""true""}]"
LLL.d26.s0_133,From these results we conclude that PROTEIN negatively regulates PROTEIN1 expression by preventing PROTEIN2 driven transcription of PROTEIN possibly through interaction with the control region.,"[{""label"": ""false""}]"
LLL.d26.s0_134,From these results we conclude that PROTEIN negatively regulates PROTEIN1 expression by preventing PROTEIN driven transcription of PROTEIN2 possibly through interaction with the control region.,"[{""label"": ""false""}]"
LLL.d26.s0_135,From these results we conclude that PROTEIN1 negatively regulates PROTEIN expression by preventing PROTEIN2 driven transcription of PROTEIN possibly through interaction with the control region.,"[{""label"": ""true""}]"
LLL.d26.s0_136,From these results we conclude that PROTEIN1 negatively regulates PROTEIN expression by preventing PROTEIN driven transcription of PROTEIN2 possibly through interaction with the control region.,"[{""label"": ""true""}]"
LLL.d26.s0_137,From these results we conclude that PROTEIN negatively regulates PROTEIN expression by preventing PROTEIN1 driven transcription of PROTEIN2 possibly through interaction with the control region.,"[{""label"": ""true""}]"
LLL.d26.s1_138,"We have shown previously that the transcription of PROTEIN1 is driven by an alternative sigma factor, PROTEIN2 ","[{""label"": ""true""}]"
LLL.d27.s0_139,"DNase I footprinting showed that PROTEIN binds strongly to two sites in the PROTEIN1 promoter region, binds weakly to one site in the PROTEIN2 promoter, and does not bind specifically to PROTEIN ","[{""label"": ""false""}]"
LLL.d27.s0_140,"DNase I footprinting showed that PROTEIN1 binds strongly to two sites in the PROTEIN promoter region, binds weakly to one site in the PROTEIN2 promoter, and does not bind specifically to PROTEIN ","[{""label"": ""true""}]"
LLL.d27.s0_141,"DNase I footprinting showed that PROTEIN binds strongly to two sites in the PROTEIN promoter region, binds weakly to one site in the PROTEIN1 promoter, and does not bind specifically to PROTEIN2 ","[{""label"": ""false""}]"
LLL.d27.s0_142,"DNase I footprinting showed that PROTEIN1 binds strongly to two sites in the PROTEIN2 promoter region, binds weakly to one site in the PROTEIN promoter, and does not bind specifically to PROTEIN ","[{""label"": ""true""}]"
LLL.d27.s0_143,"DNase I footprinting showed that PROTEIN binds strongly to two sites in the PROTEIN1 promoter region, binds weakly to one site in the PROTEIN promoter, and does not bind specifically to PROTEIN2 ","[{""label"": ""false""}]"
LLL.d27.s0_144,"DNase I footprinting showed that PROTEIN1 binds strongly to two sites in the PROTEIN promoter region, binds weakly to one site in the PROTEIN promoter, and does not bind specifically to PROTEIN2 ","[{""label"": ""true""}]"
LLL.d27.s1_145,"Transcription of the PROTEIN PROTEIN and PROTEIN genes by final PROTEIN1 RNA polymerase is activated by a small, DNA-binding protein called PROTEIN2 ","[{""label"": ""false""}]"
LLL.d27.s1_146,"Transcription of the PROTEIN PROTEIN1 and PROTEIN genes by final PROTEIN2 RNA polymerase is activated by a small, DNA-binding protein called PROTEIN ","[{""label"": ""true""}]"
LLL.d27.s1_147,"Transcription of the PROTEIN1 PROTEIN and PROTEIN genes by final PROTEIN2 RNA polymerase is activated by a small, DNA-binding protein called PROTEIN ","[{""label"": ""true""}]"
LLL.d27.s1_148,"Transcription of the PROTEIN PROTEIN and PROTEIN1 genes by final PROTEIN2 RNA polymerase is activated by a small, DNA-binding protein called PROTEIN ","[{""label"": ""true""}]"
LLL.d27.s1_149,"Transcription of the PROTEIN PROTEIN1 and PROTEIN genes by final PROTEIN RNA polymerase is activated by a small, DNA-binding protein called PROTEIN2 ","[{""label"": ""true""}]"
LLL.d27.s1_150,"Transcription of the PROTEIN1 PROTEIN and PROTEIN genes by final PROTEIN RNA polymerase is activated by a small, DNA-binding protein called PROTEIN2 ","[{""label"": ""true""}]"
LLL.d27.s1_151,"Transcription of the PROTEIN PROTEIN and PROTEIN1 genes by final PROTEIN RNA polymerase is activated by a small, DNA-binding protein called PROTEIN2 ","[{""label"": ""true""}]"
LLL.d27.s1_152,"Transcription of the PROTEIN1 PROTEIN2 and PROTEIN genes by final PROTEIN RNA polymerase is activated by a small, DNA-binding protein called PROTEIN ","[{""label"": ""false""}]"
LLL.d27.s1_153,"Transcription of the PROTEIN PROTEIN1 and PROTEIN2 genes by final PROTEIN RNA polymerase is activated by a small, DNA-binding protein called PROTEIN ","[{""label"": ""false""}]"
LLL.d27.s1_154,"Transcription of the PROTEIN1 PROTEIN and PROTEIN2 genes by final PROTEIN RNA polymerase is activated by a small, DNA-binding protein called PROTEIN ","[{""label"": ""false""}]"
LLL.d27.s2_155,"In vitro transcription experiments suggest that the differential pattern of PROTEIN gene expression results from the combined action of PROTEIN1 and another transcription factor, PROTEIN2 ","[{""label"": ""false""}]"
LLL.d27.s2_156,"In vitro transcription experiments suggest that the differential pattern of PROTEIN1 gene expression results from the combined action of PROTEIN2 and another transcription factor, PROTEIN ","[{""label"": ""true""}]"
LLL.d27.s2_157,"In vitro transcription experiments suggest that the differential pattern of PROTEIN1 gene expression results from the combined action of PROTEIN and another transcription factor, PROTEIN2 ","[{""label"": ""true""}]"
LLL.d27.s3_158,"A low concentration of PROTEIN activated PROTEIN transcription by final PROTEIN RNA polymerase, whereas a higher concentration was needed to activate transcription of PROTEIN1 or PROTEIN2 ","[{""label"": ""false""}]"
LLL.d27.s3_159,"A low concentration of PROTEIN activated PROTEIN transcription by final PROTEIN1 RNA polymerase, whereas a higher concentration was needed to activate transcription of PROTEIN2 or PROTEIN ","[{""label"": ""false""}]"
LLL.d27.s3_160,"A low concentration of PROTEIN1 activated PROTEIN transcription by final PROTEIN RNA polymerase, whereas a higher concentration was needed to activate transcription of PROTEIN2 or PROTEIN ","[{""label"": ""true""}]"
LLL.d27.s3_161,"A low concentration of PROTEIN activated PROTEIN1 transcription by final PROTEIN RNA polymerase, whereas a higher concentration was needed to activate transcription of PROTEIN2 or PROTEIN ","[{""label"": ""false""}]"
LLL.d27.s3_162,"A low concentration of PROTEIN activated PROTEIN transcription by final PROTEIN1 RNA polymerase, whereas a higher concentration was needed to activate transcription of PROTEIN or PROTEIN2 ","[{""label"": ""false""}]"
LLL.d27.s3_163,"A low concentration of PROTEIN1 activated PROTEIN transcription by final PROTEIN RNA polymerase, whereas a higher concentration was needed to activate transcription of PROTEIN or PROTEIN2 ","[{""label"": ""true""}]"
LLL.d27.s3_164,"A low concentration of PROTEIN activated PROTEIN1 transcription by final PROTEIN RNA polymerase, whereas a higher concentration was needed to activate transcription of PROTEIN or PROTEIN2 ","[{""label"": ""false""}]"
LLL.d27.s3_165,"A low concentration of PROTEIN1 activated PROTEIN transcription by final PROTEIN2 RNA polymerase, whereas a higher concentration was needed to activate transcription of PROTEIN or PROTEIN ","[{""label"": ""true""}]"
LLL.d27.s3_166,"A low concentration of PROTEIN activated PROTEIN1 transcription by final PROTEIN2 RNA polymerase, whereas a higher concentration was needed to activate transcription of PROTEIN or PROTEIN ","[{""label"": ""true""}]"
LLL.d27.s3_167,"A low concentration of PROTEIN1 activated PROTEIN2 transcription by final PROTEIN RNA polymerase, whereas a higher concentration was needed to activate transcription of PROTEIN or PROTEIN ","[{""label"": ""true""}]"
LLL.d27.s4_168," PROTEIN1 at low concentration repressed PROTEIN2 transcription, whereas a higher concentration only partially repressed PROTEIN transcription and had little effect on PROTEIN transcription.","[{""label"": ""true""}]"
LLL.d27.s4_169," PROTEIN at low concentration repressed PROTEIN1 transcription, whereas a higher concentration only partially repressed PROTEIN2 transcription and had little effect on PROTEIN transcription.","[{""label"": ""false""}]"
LLL.d27.s4_170," PROTEIN at low concentration repressed PROTEIN1 transcription, whereas a higher concentration only partially repressed PROTEIN transcription and had little effect on PROTEIN2 transcription.","[{""label"": ""false""}]"
LLL.d27.s4_171," PROTEIN1 at low concentration repressed PROTEIN transcription, whereas a higher concentration only partially repressed PROTEIN2 transcription and had little effect on PROTEIN transcription.","[{""label"": ""true""}]"
LLL.d27.s4_172," PROTEIN1 at low concentration repressed PROTEIN transcription, whereas a higher concentration only partially repressed PROTEIN transcription and had little effect on PROTEIN2 transcription.","[{""label"": ""true""}]"
LLL.d27.s4_173," PROTEIN at low concentration repressed PROTEIN transcription, whereas a higher concentration only partially repressed PROTEIN1 transcription and had little effect on PROTEIN2 transcription.","[{""label"": ""false""}]"
LLL.d29.s0_174,A PROTEIN1 dependent promoter (PW) precedes PROTEIN2 demonstrating that this transcription factor is positively autoregulated.,"[{""label"": ""true""}]"
LLL.d31.s0_175,The results indicate that PROTEIN1 is sufficient to repress the transcription of the PROTEIN and PROTEIN2 promoters and also to activate the transcription of the PROTEIN promoter.,"[{""label"": ""true""}]"
LLL.d31.s0_176,The results indicate that PROTEIN is sufficient to repress the transcription of the PROTEIN and PROTEIN1 promoters and also to activate the transcription of the PROTEIN2 promoter.,"[{""label"": ""false""}]"
LLL.d31.s0_177,The results indicate that PROTEIN is sufficient to repress the transcription of the PROTEIN1 and PROTEIN2 promoters and also to activate the transcription of the PROTEIN promoter.,"[{""label"": ""false""}]"
LLL.d31.s0_178,The results indicate that PROTEIN1 is sufficient to repress the transcription of the PROTEIN and PROTEIN promoters and also to activate the transcription of the PROTEIN2 promoter.,"[{""label"": ""true""}]"
LLL.d31.s0_179,The results indicate that PROTEIN1 is sufficient to repress the transcription of the PROTEIN2 and PROTEIN promoters and also to activate the transcription of the PROTEIN promoter.,"[{""label"": ""true""}]"
LLL.d31.s0_180,The results indicate that PROTEIN is sufficient to repress the transcription of the PROTEIN1 and PROTEIN promoters and also to activate the transcription of the PROTEIN2 promoter.,"[{""label"": ""false""}]"
LLL.d32.s0_181,"Transcriptional studies demonstrated that the expression from the PROTEIN1 promoter is induced by L-arabinose, repressed by glucose, and negatively regulated by PROTEIN2 ","[{""label"": ""true""}]"
LLL.d33.s0_182,"During endospore formation in Bacillus subtilis, the DNA binding protein PROTEIN1 stimulates transcription from several promoters that are used by RNA polymerase containing PROTEIN2 ","[{""label"": ""true""}]"
LLL.d33.s1_183," PROTEIN1 binds to a site on one of these promoters, PROTEIN2 that overlaps its -35 region.","[{""label"": ""true""}]"
LLL.d36.s0_184,"The PROTEIN1 dependent promoter drives expression of PROTEIN2 under stress conditions and after glucose starvation, whereas a PROTEIN dependent promoter is responsible for PROTEIN transcription following amino acid limitation.","[{""label"": ""true""}]"
LLL.d36.s0_185,"The PROTEIN dependent promoter drives expression of PROTEIN1 under stress conditions and after glucose starvation, whereas a PROTEIN dependent promoter is responsible for PROTEIN2 transcription following amino acid limitation.","[{""label"": ""false""}]"
LLL.d36.s0_186,"The PROTEIN dependent promoter drives expression of PROTEIN1 under stress conditions and after glucose starvation, whereas a PROTEIN2 dependent promoter is responsible for PROTEIN transcription following amino acid limitation.","[{""label"": ""false""}]"
LLL.d36.s0_187,"The PROTEIN1 dependent promoter drives expression of PROTEIN under stress conditions and after glucose starvation, whereas a PROTEIN dependent promoter is responsible for PROTEIN2 transcription following amino acid limitation.","[{""label"": ""false""}]"
LLL.d36.s0_188,"The PROTEIN1 dependent promoter drives expression of PROTEIN under stress conditions and after glucose starvation, whereas a PROTEIN2 dependent promoter is responsible for PROTEIN transcription following amino acid limitation.","[{""label"": ""false""}]"
LLL.d36.s0_189,"The PROTEIN dependent promoter drives expression of PROTEIN under stress conditions and after glucose starvation, whereas a PROTEIN1 dependent promoter is responsible for PROTEIN2 transcription following amino acid limitation.","[{""label"": ""true""}]"
LLL.d36.s1_190,"This indicates that the PROTEIN gene product, being a member of both the PROTEIN1 and PROTEIN2 regulons, might negatively regulate the activity of the PROTEIN regulon.","[{""label"": ""false""}]"
LLL.d36.s1_191,"This indicates that the PROTEIN gene product, being a member of both the PROTEIN1 and PROTEIN regulons, might negatively regulate the activity of the PROTEIN2 regulon.","[{""label"": ""false""}]"
LLL.d36.s1_192,"This indicates that the PROTEIN1 gene product, being a member of both the PROTEIN2 and PROTEIN regulons, might negatively regulate the activity of the PROTEIN regulon.","[{""label"": ""true""}]"
LLL.d36.s1_193,"This indicates that the PROTEIN gene product, being a member of both the PROTEIN and PROTEIN1 regulons, might negatively regulate the activity of the PROTEIN2 regulon.","[{""label"": ""false""}]"
LLL.d36.s1_194,"This indicates that the PROTEIN1 gene product, being a member of both the PROTEIN and PROTEIN2 regulons, might negatively regulate the activity of the PROTEIN regulon.","[{""label"": ""true""}]"
LLL.d36.s1_195,"This indicates that the PROTEIN1 gene product, being a member of both the PROTEIN and PROTEIN regulons, might negatively regulate the activity of the PROTEIN2 regulon.","[{""label"": ""true""}]"
LLL.d36.s2_196,"In addition to the typical PROTEIN1 dependent, stress- and starvation-inducible pattern, PROTEIN2 is also induced in response to amino acid depletion.","[{""label"": ""true""}]"
LLL.d39.s0_197,"The addition of PROTEIN to in vitro transcription reactions resulted in the stimulation of RNAP holoenzyme activity, but PROTEIN1 RNAP was observed to be more sensitive to PROTEIN dependent stimulation than PROTEIN2 RNAP.","[{""label"": ""false""}]"
LLL.d39.s0_198,"The addition of PROTEIN1 to in vitro transcription reactions resulted in the stimulation of RNAP holoenzyme activity, but PROTEIN RNAP was observed to be more sensitive to PROTEIN dependent stimulation than PROTEIN2 RNAP.","[{""label"": ""true""}]"
LLL.d39.s0_199,"The addition of PROTEIN to in vitro transcription reactions resulted in the stimulation of RNAP holoenzyme activity, but PROTEIN RNAP was observed to be more sensitive to PROTEIN1 dependent stimulation than PROTEIN2 RNAP.","[{""label"": ""true""}]"
LLL.d39.s0_200,"The addition of PROTEIN1 to in vitro transcription reactions resulted in the stimulation of RNAP holoenzyme activity, but PROTEIN2 RNAP was observed to be more sensitive to PROTEIN dependent stimulation than PROTEIN RNAP.","[{""label"": ""true""}]"
LLL.d39.s0_201,"The addition of PROTEIN to in vitro transcription reactions resulted in the stimulation of RNAP holoenzyme activity, but PROTEIN1 RNAP was observed to be more sensitive to PROTEIN2 dependent stimulation than PROTEIN RNAP.","[{""label"": ""true""}]"
LLL.d39.s0_202,"The addition of PROTEIN1 to in vitro transcription reactions resulted in the stimulation of RNAP holoenzyme activity, but PROTEIN RNAP was observed to be more sensitive to PROTEIN2 dependent stimulation than PROTEIN RNAP.","[{""label"": ""false""}]"
LLL.d40.s0_203,"Although PROTEIN1 is transcriptionally regulated by the key regulatory device that controls sporulation initiation, the PROTEIN2 phosphorelay, there is considerable evidence implicating a mechanism of post-translational control that governs the activity and concentration of sigmaH.","[{""label"": ""true""}]"
LLL.d41.s0_204,"The class includes AsiA form bacteriophage T4, which inhibits Escherichia coli sigma 70; PROTEIN present in both gram-positive and gram-negative bacteria, which inhibits the flagella sigma factor PROTEIN PROTEIN1 which inhibits the sporulation-specific sigma factor, PROTEIN and PROTEIN of Bacillus subtilis; PROTEIN of B. subtilis, which inhibits stress response sigma factor PROTEIN2 and PROTEIN a general regulator of the heat shock response, which in bacteria inhibits the heat shock sigma factor PROTEIN ","[{""label"": ""false""}]"
LLL.d41.s0_205,"The class includes AsiA form bacteriophage T4, which inhibits Escherichia coli sigma 70; PROTEIN present in both gram-positive and gram-negative bacteria, which inhibits the flagella sigma factor PROTEIN1 PROTEIN2 which inhibits the sporulation-specific sigma factor, PROTEIN and PROTEIN of Bacillus subtilis; PROTEIN of B. subtilis, which inhibits stress response sigma factor PROTEIN and PROTEIN a general regulator of the heat shock response, which in bacteria inhibits the heat shock sigma factor PROTEIN ","[{""label"": ""false""}]"
LLL.d41.s0_206,"The class includes AsiA form bacteriophage T4, which inhibits Escherichia coli sigma 70; PROTEIN present in both gram-positive and gram-negative bacteria, which inhibits the flagella sigma factor PROTEIN PROTEIN1 which inhibits the sporulation-specific sigma factor, PROTEIN and PROTEIN of Bacillus subtilis; PROTEIN of B. subtilis, which inhibits stress response sigma factor PROTEIN and PROTEIN2 a general regulator of the heat shock response, which in bacteria inhibits the heat shock sigma factor PROTEIN ","[{""label"": ""false""}]"
LLL.d41.s0_207,"The class includes AsiA form bacteriophage T4, which inhibits Escherichia coli sigma 70; PROTEIN present in both gram-positive and gram-negative bacteria, which inhibits the flagella sigma factor PROTEIN PROTEIN1 which inhibits the sporulation-specific sigma factor, PROTEIN2 and PROTEIN of Bacillus subtilis; PROTEIN of B. subtilis, which inhibits stress response sigma factor PROTEIN and PROTEIN a general regulator of the heat shock response, which in bacteria inhibits the heat shock sigma factor PROTEIN ","[{""label"": ""true""}]"
LLL.d41.s0_208,"The class includes AsiA form bacteriophage T4, which inhibits Escherichia coli sigma 70; PROTEIN present in both gram-positive and gram-negative bacteria, which inhibits the flagella sigma factor PROTEIN PROTEIN1 which inhibits the sporulation-specific sigma factor, PROTEIN and PROTEIN2 of Bacillus subtilis; PROTEIN of B. subtilis, which inhibits stress response sigma factor PROTEIN and PROTEIN a general regulator of the heat shock response, which in bacteria inhibits the heat shock sigma factor PROTEIN ","[{""label"": ""true""}]"
LLL.d41.s0_209,"The class includes AsiA form bacteriophage T4, which inhibits Escherichia coli sigma 70; PROTEIN present in both gram-positive and gram-negative bacteria, which inhibits the flagella sigma factor PROTEIN PROTEIN1 which inhibits the sporulation-specific sigma factor, PROTEIN and PROTEIN of Bacillus subtilis; PROTEIN2 of B. subtilis, which inhibits stress response sigma factor PROTEIN and PROTEIN a general regulator of the heat shock response, which in bacteria inhibits the heat shock sigma factor PROTEIN ","[{""label"": ""false""}]"
LLL.d41.s0_210,"The class includes AsiA form bacteriophage T4, which inhibits Escherichia coli sigma 70; PROTEIN present in both gram-positive and gram-negative bacteria, which inhibits the flagella sigma factor PROTEIN PROTEIN1 which inhibits the sporulation-specific sigma factor, PROTEIN and PROTEIN of Bacillus subtilis; PROTEIN of B. subtilis, which inhibits stress response sigma factor PROTEIN and PROTEIN a general regulator of the heat shock response, which in bacteria inhibits the heat shock sigma factor PROTEIN2 ","[{""label"": ""false""}]"
LLL.d41.s0_211,"The class includes AsiA form bacteriophage T4, which inhibits Escherichia coli sigma 70; PROTEIN1 present in both gram-positive and gram-negative bacteria, which inhibits the flagella sigma factor PROTEIN PROTEIN2 which inhibits the sporulation-specific sigma factor, PROTEIN and PROTEIN of Bacillus subtilis; PROTEIN of B. subtilis, which inhibits stress response sigma factor PROTEIN and PROTEIN a general regulator of the heat shock response, which in bacteria inhibits the heat shock sigma factor PROTEIN ","[{""label"": ""false""}]"
LLL.d41.s0_212,"The class includes AsiA form bacteriophage T4, which inhibits Escherichia coli sigma 70; PROTEIN present in both gram-positive and gram-negative bacteria, which inhibits the flagella sigma factor PROTEIN1 PROTEIN which inhibits the sporulation-specific sigma factor, PROTEIN and PROTEIN of Bacillus subtilis; PROTEIN of B. subtilis, which inhibits stress response sigma factor PROTEIN2 and PROTEIN a general regulator of the heat shock response, which in bacteria inhibits the heat shock sigma factor PROTEIN ","[{""label"": ""false""}]"
LLL.d41.s0_213,"The class includes AsiA form bacteriophage T4, which inhibits Escherichia coli sigma 70; PROTEIN present in both gram-positive and gram-negative bacteria, which inhibits the flagella sigma factor PROTEIN PROTEIN which inhibits the sporulation-specific sigma factor, PROTEIN and PROTEIN of Bacillus subtilis; PROTEIN of B. subtilis, which inhibits stress response sigma factor PROTEIN1 and PROTEIN2 a general regulator of the heat shock response, which in bacteria inhibits the heat shock sigma factor PROTEIN ","[{""label"": ""false""}]"
LLL.d41.s0_214,"The class includes AsiA form bacteriophage T4, which inhibits Escherichia coli sigma 70; PROTEIN present in both gram-positive and gram-negative bacteria, which inhibits the flagella sigma factor PROTEIN PROTEIN which inhibits the sporulation-specific sigma factor, PROTEIN1 and PROTEIN of Bacillus subtilis; PROTEIN of B. subtilis, which inhibits stress response sigma factor PROTEIN2 and PROTEIN a general regulator of the heat shock response, which in bacteria inhibits the heat shock sigma factor PROTEIN ","[{""label"": ""false""}]"
LLL.d41.s0_215,"The class includes AsiA form bacteriophage T4, which inhibits Escherichia coli sigma 70; PROTEIN present in both gram-positive and gram-negative bacteria, which inhibits the flagella sigma factor PROTEIN PROTEIN which inhibits the sporulation-specific sigma factor, PROTEIN and PROTEIN1 of Bacillus subtilis; PROTEIN of B. subtilis, which inhibits stress response sigma factor PROTEIN2 and PROTEIN a general regulator of the heat shock response, which in bacteria inhibits the heat shock sigma factor PROTEIN ","[{""label"": ""false""}]"
LLL.d41.s0_216,"The class includes AsiA form bacteriophage T4, which inhibits Escherichia coli sigma 70; PROTEIN present in both gram-positive and gram-negative bacteria, which inhibits the flagella sigma factor PROTEIN PROTEIN which inhibits the sporulation-specific sigma factor, PROTEIN and PROTEIN of Bacillus subtilis; PROTEIN1 of B. subtilis, which inhibits stress response sigma factor PROTEIN2 and PROTEIN a general regulator of the heat shock response, which in bacteria inhibits the heat shock sigma factor PROTEIN ","[{""label"": ""true""}]"
LLL.d41.s0_217,"The class includes AsiA form bacteriophage T4, which inhibits Escherichia coli sigma 70; PROTEIN present in both gram-positive and gram-negative bacteria, which inhibits the flagella sigma factor PROTEIN PROTEIN which inhibits the sporulation-specific sigma factor, PROTEIN and PROTEIN of Bacillus subtilis; PROTEIN of B. subtilis, which inhibits stress response sigma factor PROTEIN1 and PROTEIN a general regulator of the heat shock response, which in bacteria inhibits the heat shock sigma factor PROTEIN2 ","[{""label"": ""false""}]"
LLL.d41.s0_218,"The class includes AsiA form bacteriophage T4, which inhibits Escherichia coli sigma 70; PROTEIN1 present in both gram-positive and gram-negative bacteria, which inhibits the flagella sigma factor PROTEIN PROTEIN which inhibits the sporulation-specific sigma factor, PROTEIN and PROTEIN of Bacillus subtilis; PROTEIN of B. subtilis, which inhibits stress response sigma factor PROTEIN2 and PROTEIN a general regulator of the heat shock response, which in bacteria inhibits the heat shock sigma factor PROTEIN ","[{""label"": ""false""}]"
LLL.d41.s0_219,"The class includes AsiA form bacteriophage T4, which inhibits Escherichia coli sigma 70; PROTEIN present in both gram-positive and gram-negative bacteria, which inhibits the flagella sigma factor PROTEIN1 PROTEIN which inhibits the sporulation-specific sigma factor, PROTEIN and PROTEIN of Bacillus subtilis; PROTEIN of B. subtilis, which inhibits stress response sigma factor PROTEIN and PROTEIN2 a general regulator of the heat shock response, which in bacteria inhibits the heat shock sigma factor PROTEIN ","[{""label"": ""false""}]"
LLL.d41.s0_220,"The class includes AsiA form bacteriophage T4, which inhibits Escherichia coli sigma 70; PROTEIN present in both gram-positive and gram-negative bacteria, which inhibits the flagella sigma factor PROTEIN1 PROTEIN which inhibits the sporulation-specific sigma factor, PROTEIN2 and PROTEIN of Bacillus subtilis; PROTEIN of B. subtilis, which inhibits stress response sigma factor PROTEIN and PROTEIN a general regulator of the heat shock response, which in bacteria inhibits the heat shock sigma factor PROTEIN ","[{""label"": ""false""}]"
LLL.d41.s0_221,"The class includes AsiA form bacteriophage T4, which inhibits Escherichia coli sigma 70; PROTEIN present in both gram-positive and gram-negative bacteria, which inhibits the flagella sigma factor PROTEIN1 PROTEIN which inhibits the sporulation-specific sigma factor, PROTEIN and PROTEIN2 of Bacillus subtilis; PROTEIN of B. subtilis, which inhibits stress response sigma factor PROTEIN and PROTEIN a general regulator of the heat shock response, which in bacteria inhibits the heat shock sigma factor PROTEIN ","[{""label"": ""false""}]"
LLL.d41.s0_222,"The class includes AsiA form bacteriophage T4, which inhibits Escherichia coli sigma 70; PROTEIN present in both gram-positive and gram-negative bacteria, which inhibits the flagella sigma factor PROTEIN1 PROTEIN which inhibits the sporulation-specific sigma factor, PROTEIN and PROTEIN of Bacillus subtilis; PROTEIN2 of B. subtilis, which inhibits stress response sigma factor PROTEIN and PROTEIN a general regulator of the heat shock response, which in bacteria inhibits the heat shock sigma factor PROTEIN ","[{""label"": ""false""}]"
LLL.d41.s0_223,"The class includes AsiA form bacteriophage T4, which inhibits Escherichia coli sigma 70; PROTEIN present in both gram-positive and gram-negative bacteria, which inhibits the flagella sigma factor PROTEIN1 PROTEIN which inhibits the sporulation-specific sigma factor, PROTEIN and PROTEIN of Bacillus subtilis; PROTEIN of B. subtilis, which inhibits stress response sigma factor PROTEIN and PROTEIN a general regulator of the heat shock response, which in bacteria inhibits the heat shock sigma factor PROTEIN2 ","[{""label"": ""false""}]"
LLL.d41.s0_224,"The class includes AsiA form bacteriophage T4, which inhibits Escherichia coli sigma 70; PROTEIN1 present in both gram-positive and gram-negative bacteria, which inhibits the flagella sigma factor PROTEIN2 PROTEIN which inhibits the sporulation-specific sigma factor, PROTEIN and PROTEIN of Bacillus subtilis; PROTEIN of B. subtilis, which inhibits stress response sigma factor PROTEIN and PROTEIN a general regulator of the heat shock response, which in bacteria inhibits the heat shock sigma factor PROTEIN ","[{""label"": ""true""}]"
LLL.d41.s0_225,"The class includes AsiA form bacteriophage T4, which inhibits Escherichia coli sigma 70; PROTEIN present in both gram-positive and gram-negative bacteria, which inhibits the flagella sigma factor PROTEIN PROTEIN which inhibits the sporulation-specific sigma factor, PROTEIN1 and PROTEIN of Bacillus subtilis; PROTEIN of B. subtilis, which inhibits stress response sigma factor PROTEIN and PROTEIN2 a general regulator of the heat shock response, which in bacteria inhibits the heat shock sigma factor PROTEIN ","[{""label"": ""false""}]"
LLL.d41.s0_226,"The class includes AsiA form bacteriophage T4, which inhibits Escherichia coli sigma 70; PROTEIN present in both gram-positive and gram-negative bacteria, which inhibits the flagella sigma factor PROTEIN PROTEIN which inhibits the sporulation-specific sigma factor, PROTEIN and PROTEIN1 of Bacillus subtilis; PROTEIN of B. subtilis, which inhibits stress response sigma factor PROTEIN and PROTEIN2 a general regulator of the heat shock response, which in bacteria inhibits the heat shock sigma factor PROTEIN ","[{""label"": ""false""}]"
LLL.d41.s0_227,"The class includes AsiA form bacteriophage T4, which inhibits Escherichia coli sigma 70; PROTEIN present in both gram-positive and gram-negative bacteria, which inhibits the flagella sigma factor PROTEIN PROTEIN which inhibits the sporulation-specific sigma factor, PROTEIN and PROTEIN of Bacillus subtilis; PROTEIN1 of B. subtilis, which inhibits stress response sigma factor PROTEIN and PROTEIN2 a general regulator of the heat shock response, which in bacteria inhibits the heat shock sigma factor PROTEIN ","[{""label"": ""false""}]"
LLL.d41.s0_228,"The class includes AsiA form bacteriophage T4, which inhibits Escherichia coli sigma 70; PROTEIN present in both gram-positive and gram-negative bacteria, which inhibits the flagella sigma factor PROTEIN PROTEIN which inhibits the sporulation-specific sigma factor, PROTEIN and PROTEIN of Bacillus subtilis; PROTEIN of B. subtilis, which inhibits stress response sigma factor PROTEIN and PROTEIN1 a general regulator of the heat shock response, which in bacteria inhibits the heat shock sigma factor PROTEIN2 ","[{""label"": ""true""}]"
LLL.d41.s0_229,"The class includes AsiA form bacteriophage T4, which inhibits Escherichia coli sigma 70; PROTEIN1 present in both gram-positive and gram-negative bacteria, which inhibits the flagella sigma factor PROTEIN PROTEIN which inhibits the sporulation-specific sigma factor, PROTEIN and PROTEIN of Bacillus subtilis; PROTEIN of B. subtilis, which inhibits stress response sigma factor PROTEIN and PROTEIN2 a general regulator of the heat shock response, which in bacteria inhibits the heat shock sigma factor PROTEIN ","[{""label"": ""false""}]"
LLL.d41.s0_230,"The class includes AsiA form bacteriophage T4, which inhibits Escherichia coli sigma 70; PROTEIN present in both gram-positive and gram-negative bacteria, which inhibits the flagella sigma factor PROTEIN PROTEIN which inhibits the sporulation-specific sigma factor, PROTEIN1 and PROTEIN2 of Bacillus subtilis; PROTEIN of B. subtilis, which inhibits stress response sigma factor PROTEIN and PROTEIN a general regulator of the heat shock response, which in bacteria inhibits the heat shock sigma factor PROTEIN ","[{""label"": ""false""}]"
LLL.d41.s0_231,"The class includes AsiA form bacteriophage T4, which inhibits Escherichia coli sigma 70; PROTEIN present in both gram-positive and gram-negative bacteria, which inhibits the flagella sigma factor PROTEIN PROTEIN which inhibits the sporulation-specific sigma factor, PROTEIN1 and PROTEIN of Bacillus subtilis; PROTEIN2 of B. subtilis, which inhibits stress response sigma factor PROTEIN and PROTEIN a general regulator of the heat shock response, which in bacteria inhibits the heat shock sigma factor PROTEIN ","[{""label"": ""false""}]"
LLL.d41.s0_232,"The class includes AsiA form bacteriophage T4, which inhibits Escherichia coli sigma 70; PROTEIN present in both gram-positive and gram-negative bacteria, which inhibits the flagella sigma factor PROTEIN PROTEIN which inhibits the sporulation-specific sigma factor, PROTEIN1 and PROTEIN of Bacillus subtilis; PROTEIN of B. subtilis, which inhibits stress response sigma factor PROTEIN and PROTEIN a general regulator of the heat shock response, which in bacteria inhibits the heat shock sigma factor PROTEIN2 ","[{""label"": ""false""}]"
LLL.d41.s0_233,"The class includes AsiA form bacteriophage T4, which inhibits Escherichia coli sigma 70; PROTEIN1 present in both gram-positive and gram-negative bacteria, which inhibits the flagella sigma factor PROTEIN PROTEIN which inhibits the sporulation-specific sigma factor, PROTEIN2 and PROTEIN of Bacillus subtilis; PROTEIN of B. subtilis, which inhibits stress response sigma factor PROTEIN and PROTEIN a general regulator of the heat shock response, which in bacteria inhibits the heat shock sigma factor PROTEIN ","[{""label"": ""false""}]"
LLL.d41.s0_234,"The class includes AsiA form bacteriophage T4, which inhibits Escherichia coli sigma 70; PROTEIN present in both gram-positive and gram-negative bacteria, which inhibits the flagella sigma factor PROTEIN PROTEIN which inhibits the sporulation-specific sigma factor, PROTEIN and PROTEIN1 of Bacillus subtilis; PROTEIN2 of B. subtilis, which inhibits stress response sigma factor PROTEIN and PROTEIN a general regulator of the heat shock response, which in bacteria inhibits the heat shock sigma factor PROTEIN ","[{""label"": ""false""}]"
LLL.d41.s0_235,"The class includes AsiA form bacteriophage T4, which inhibits Escherichia coli sigma 70; PROTEIN present in both gram-positive and gram-negative bacteria, which inhibits the flagella sigma factor PROTEIN PROTEIN which inhibits the sporulation-specific sigma factor, PROTEIN and PROTEIN1 of Bacillus subtilis; PROTEIN of B. subtilis, which inhibits stress response sigma factor PROTEIN and PROTEIN a general regulator of the heat shock response, which in bacteria inhibits the heat shock sigma factor PROTEIN2 ","[{""label"": ""false""}]"
LLL.d41.s0_236,"The class includes AsiA form bacteriophage T4, which inhibits Escherichia coli sigma 70; PROTEIN1 present in both gram-positive and gram-negative bacteria, which inhibits the flagella sigma factor PROTEIN PROTEIN which inhibits the sporulation-specific sigma factor, PROTEIN and PROTEIN2 of Bacillus subtilis; PROTEIN of B. subtilis, which inhibits stress response sigma factor PROTEIN and PROTEIN a general regulator of the heat shock response, which in bacteria inhibits the heat shock sigma factor PROTEIN ","[{""label"": ""false""}]"
LLL.d41.s0_237,"The class includes AsiA form bacteriophage T4, which inhibits Escherichia coli sigma 70; PROTEIN present in both gram-positive and gram-negative bacteria, which inhibits the flagella sigma factor PROTEIN PROTEIN which inhibits the sporulation-specific sigma factor, PROTEIN and PROTEIN of Bacillus subtilis; PROTEIN1 of B. subtilis, which inhibits stress response sigma factor PROTEIN and PROTEIN a general regulator of the heat shock response, which in bacteria inhibits the heat shock sigma factor PROTEIN2 ","[{""label"": ""false""}]"
LLL.d41.s0_238,"The class includes AsiA form bacteriophage T4, which inhibits Escherichia coli sigma 70; PROTEIN1 present in both gram-positive and gram-negative bacteria, which inhibits the flagella sigma factor PROTEIN PROTEIN which inhibits the sporulation-specific sigma factor, PROTEIN and PROTEIN of Bacillus subtilis; PROTEIN2 of B. subtilis, which inhibits stress response sigma factor PROTEIN and PROTEIN a general regulator of the heat shock response, which in bacteria inhibits the heat shock sigma factor PROTEIN ","[{""label"": ""false""}]"
LLL.d41.s0_239,"The class includes AsiA form bacteriophage T4, which inhibits Escherichia coli sigma 70; PROTEIN1 present in both gram-positive and gram-negative bacteria, which inhibits the flagella sigma factor PROTEIN PROTEIN which inhibits the sporulation-specific sigma factor, PROTEIN and PROTEIN of Bacillus subtilis; PROTEIN of B. subtilis, which inhibits stress response sigma factor PROTEIN and PROTEIN a general regulator of the heat shock response, which in bacteria inhibits the heat shock sigma factor PROTEIN2 ","[{""label"": ""false""}]"
LLL.d42.s0_240,"Finally, we show that proper localization of SpoIVA required the expression of one or more genes which, like PROTEIN1 are under the control of the mother cell transcription factor PROTEIN2 ","[{""label"": ""true""}]"
LLL.d44.s0_241,"The PROTEIN regulon includes a penicillin binding protein ( PROTEIN and a co-transcribed amino acid racemase ( PROTEIN1 , homologues of signal peptide peptidase ( PROTEIN2 , flotillin ( PROTEIN , ABC transporters ( PROTEIN , non-haem bromoperoxidase ( PROTEIN , epoxide hydrolase ( PROTEIN and three small peptides with structural similarities to bacteriocin precursor polypeptides.","[{""label"": ""false""}]"
LLL.d44.s0_242,"The PROTEIN regulon includes a penicillin binding protein ( PROTEIN and a co-transcribed amino acid racemase ( PROTEIN , homologues of signal peptide peptidase ( PROTEIN1 , flotillin ( PROTEIN2 , ABC transporters ( PROTEIN , non-haem bromoperoxidase ( PROTEIN , epoxide hydrolase ( PROTEIN and three small peptides with structural similarities to bacteriocin precursor polypeptides.","[{""label"": ""false""}]"
LLL.d44.s0_243,"The PROTEIN regulon includes a penicillin binding protein ( PROTEIN1 and a co-transcribed amino acid racemase ( PROTEIN , homologues of signal peptide peptidase ( PROTEIN2 , flotillin ( PROTEIN , ABC transporters ( PROTEIN , non-haem bromoperoxidase ( PROTEIN , epoxide hydrolase ( PROTEIN and three small peptides with structural similarities to bacteriocin precursor polypeptides.","[{""label"": ""false""}]"
LLL.d44.s0_244,"The PROTEIN1 regulon includes a penicillin binding protein ( PROTEIN and a co-transcribed amino acid racemase ( PROTEIN , homologues of signal peptide peptidase ( PROTEIN2 , flotillin ( PROTEIN , ABC transporters ( PROTEIN , non-haem bromoperoxidase ( PROTEIN , epoxide hydrolase ( PROTEIN and three small peptides with structural similarities to bacteriocin precursor polypeptides.","[{""label"": ""true""}]"
LLL.d44.s0_245,"The PROTEIN regulon includes a penicillin binding protein ( PROTEIN and a co-transcribed amino acid racemase ( PROTEIN , homologues of signal peptide peptidase ( PROTEIN1 , flotillin ( PROTEIN , ABC transporters ( PROTEIN , non-haem bromoperoxidase ( PROTEIN2 , epoxide hydrolase ( PROTEIN and three small peptides with structural similarities to bacteriocin precursor polypeptides.","[{""label"": ""false""}]"
LLL.d44.s0_246,"The PROTEIN regulon includes a penicillin binding protein ( PROTEIN and a co-transcribed amino acid racemase ( PROTEIN , homologues of signal peptide peptidase ( PROTEIN1 , flotillin ( PROTEIN , ABC transporters ( PROTEIN2 , non-haem bromoperoxidase ( PROTEIN , epoxide hydrolase ( PROTEIN and three small peptides with structural similarities to bacteriocin precursor polypeptides.","[{""label"": ""false""}]"
LLL.d44.s0_247,"The PROTEIN regulon includes a penicillin binding protein ( PROTEIN and a co-transcribed amino acid racemase ( PROTEIN , homologues of signal peptide peptidase ( PROTEIN1 , flotillin ( PROTEIN , ABC transporters ( PROTEIN , non-haem bromoperoxidase ( PROTEIN , epoxide hydrolase ( PROTEIN2 and three small peptides with structural similarities to bacteriocin precursor polypeptides.","[{""label"": ""false""}]"
LLL.d44.s0_248,"The PROTEIN regulon includes a penicillin binding protein ( PROTEIN and a co-transcribed amino acid racemase ( PROTEIN1 , homologues of signal peptide peptidase ( PROTEIN , flotillin ( PROTEIN2 , ABC transporters ( PROTEIN , non-haem bromoperoxidase ( PROTEIN , epoxide hydrolase ( PROTEIN and three small peptides with structural similarities to bacteriocin precursor polypeptides.","[{""label"": ""false""}]"
LLL.d44.s0_249,"The PROTEIN regulon includes a penicillin binding protein ( PROTEIN1 and a co-transcribed amino acid racemase ( PROTEIN2 , homologues of signal peptide peptidase ( PROTEIN , flotillin ( PROTEIN , ABC transporters ( PROTEIN , non-haem bromoperoxidase ( PROTEIN , epoxide hydrolase ( PROTEIN and three small peptides with structural similarities to bacteriocin precursor polypeptides.","[{""label"": ""false""}]"
LLL.d44.s0_250,"The PROTEIN1 regulon includes a penicillin binding protein ( PROTEIN and a co-transcribed amino acid racemase ( PROTEIN2 , homologues of signal peptide peptidase ( PROTEIN , flotillin ( PROTEIN , ABC transporters ( PROTEIN , non-haem bromoperoxidase ( PROTEIN , epoxide hydrolase ( PROTEIN and three small peptides with structural similarities to bacteriocin precursor polypeptides.","[{""label"": ""true""}]"
LLL.d44.s0_251,"The PROTEIN regulon includes a penicillin binding protein ( PROTEIN and a co-transcribed amino acid racemase ( PROTEIN1 , homologues of signal peptide peptidase ( PROTEIN , flotillin ( PROTEIN , ABC transporters ( PROTEIN , non-haem bromoperoxidase ( PROTEIN2 , epoxide hydrolase ( PROTEIN and three small peptides with structural similarities to bacteriocin precursor polypeptides.","[{""label"": ""false""}]"
LLL.d44.s0_252,"The PROTEIN regulon includes a penicillin binding protein ( PROTEIN and a co-transcribed amino acid racemase ( PROTEIN1 , homologues of signal peptide peptidase ( PROTEIN , flotillin ( PROTEIN , ABC transporters ( PROTEIN2 , non-haem bromoperoxidase ( PROTEIN , epoxide hydrolase ( PROTEIN and three small peptides with structural similarities to bacteriocin precursor polypeptides.","[{""label"": ""false""}]"
LLL.d44.s0_253,"The PROTEIN regulon includes a penicillin binding protein ( PROTEIN and a co-transcribed amino acid racemase ( PROTEIN1 , homologues of signal peptide peptidase ( PROTEIN , flotillin ( PROTEIN , ABC transporters ( PROTEIN , non-haem bromoperoxidase ( PROTEIN , epoxide hydrolase ( PROTEIN2 and three small peptides with structural similarities to bacteriocin precursor polypeptides.","[{""label"": ""false""}]"
LLL.d44.s0_254,"The PROTEIN regulon includes a penicillin binding protein ( PROTEIN1 and a co-transcribed amino acid racemase ( PROTEIN , homologues of signal peptide peptidase ( PROTEIN , flotillin ( PROTEIN2 , ABC transporters ( PROTEIN , non-haem bromoperoxidase ( PROTEIN , epoxide hydrolase ( PROTEIN and three small peptides with structural similarities to bacteriocin precursor polypeptides.","[{""label"": ""false""}]"
LLL.d44.s0_255,"The PROTEIN1 regulon includes a penicillin binding protein ( PROTEIN and a co-transcribed amino acid racemase ( PROTEIN , homologues of signal peptide peptidase ( PROTEIN , flotillin ( PROTEIN2 , ABC transporters ( PROTEIN , non-haem bromoperoxidase ( PROTEIN , epoxide hydrolase ( PROTEIN and three small peptides with structural similarities to bacteriocin precursor polypeptides.","[{""label"": ""true""}]"
LLL.d44.s0_256,"The PROTEIN regulon includes a penicillin binding protein ( PROTEIN and a co-transcribed amino acid racemase ( PROTEIN , homologues of signal peptide peptidase ( PROTEIN , flotillin ( PROTEIN1 , ABC transporters ( PROTEIN , non-haem bromoperoxidase ( PROTEIN2 , epoxide hydrolase ( PROTEIN and three small peptides with structural similarities to bacteriocin precursor polypeptides.","[{""label"": ""false""}]"
LLL.d44.s0_257,"The PROTEIN regulon includes a penicillin binding protein ( PROTEIN and a co-transcribed amino acid racemase ( PROTEIN , homologues of signal peptide peptidase ( PROTEIN , flotillin ( PROTEIN1 , ABC transporters ( PROTEIN2 , non-haem bromoperoxidase ( PROTEIN , epoxide hydrolase ( PROTEIN and three small peptides with structural similarities to bacteriocin precursor polypeptides.","[{""label"": ""false""}]"
LLL.d44.s0_258,"The PROTEIN regulon includes a penicillin binding protein ( PROTEIN and a co-transcribed amino acid racemase ( PROTEIN , homologues of signal peptide peptidase ( PROTEIN , flotillin ( PROTEIN1 , ABC transporters ( PROTEIN , non-haem bromoperoxidase ( PROTEIN , epoxide hydrolase ( PROTEIN2 and three small peptides with structural similarities to bacteriocin precursor polypeptides.","[{""label"": ""false""}]"
LLL.d44.s0_259,"The PROTEIN1 regulon includes a penicillin binding protein ( PROTEIN2 and a co-transcribed amino acid racemase ( PROTEIN , homologues of signal peptide peptidase ( PROTEIN , flotillin ( PROTEIN , ABC transporters ( PROTEIN , non-haem bromoperoxidase ( PROTEIN , epoxide hydrolase ( PROTEIN and three small peptides with structural similarities to bacteriocin precursor polypeptides.","[{""label"": ""true""}]"
LLL.d44.s0_260,"The PROTEIN regulon includes a penicillin binding protein ( PROTEIN1 and a co-transcribed amino acid racemase ( PROTEIN , homologues of signal peptide peptidase ( PROTEIN , flotillin ( PROTEIN , ABC transporters ( PROTEIN , non-haem bromoperoxidase ( PROTEIN2 , epoxide hydrolase ( PROTEIN and three small peptides with structural similarities to bacteriocin precursor polypeptides.","[{""label"": ""false""}]"
LLL.d44.s0_261,"The PROTEIN regulon includes a penicillin binding protein ( PROTEIN1 and a co-transcribed amino acid racemase ( PROTEIN , homologues of signal peptide peptidase ( PROTEIN , flotillin ( PROTEIN , ABC transporters ( PROTEIN2 , non-haem bromoperoxidase ( PROTEIN , epoxide hydrolase ( PROTEIN and three small peptides with structural similarities to bacteriocin precursor polypeptides.","[{""label"": ""false""}]"
LLL.d44.s0_262,"The PROTEIN regulon includes a penicillin binding protein ( PROTEIN1 and a co-transcribed amino acid racemase ( PROTEIN , homologues of signal peptide peptidase ( PROTEIN , flotillin ( PROTEIN , ABC transporters ( PROTEIN , non-haem bromoperoxidase ( PROTEIN , epoxide hydrolase ( PROTEIN2 and three small peptides with structural similarities to bacteriocin precursor polypeptides.","[{""label"": ""false""}]"
LLL.d44.s0_263,"The PROTEIN1 regulon includes a penicillin binding protein ( PROTEIN and a co-transcribed amino acid racemase ( PROTEIN , homologues of signal peptide peptidase ( PROTEIN , flotillin ( PROTEIN , ABC transporters ( PROTEIN , non-haem bromoperoxidase ( PROTEIN2 , epoxide hydrolase ( PROTEIN and three small peptides with structural similarities to bacteriocin precursor polypeptides.","[{""label"": ""true""}]"
LLL.d44.s0_264,"The PROTEIN1 regulon includes a penicillin binding protein ( PROTEIN and a co-transcribed amino acid racemase ( PROTEIN , homologues of signal peptide peptidase ( PROTEIN , flotillin ( PROTEIN , ABC transporters ( PROTEIN2 , non-haem bromoperoxidase ( PROTEIN , epoxide hydrolase ( PROTEIN and three small peptides with structural similarities to bacteriocin precursor polypeptides.","[{""label"": ""true""}]"
LLL.d44.s0_265,"The PROTEIN1 regulon includes a penicillin binding protein ( PROTEIN and a co-transcribed amino acid racemase ( PROTEIN , homologues of signal peptide peptidase ( PROTEIN , flotillin ( PROTEIN , ABC transporters ( PROTEIN , non-haem bromoperoxidase ( PROTEIN , epoxide hydrolase ( PROTEIN2 and three small peptides with structural similarities to bacteriocin precursor polypeptides.","[{""label"": ""true""}]"
LLL.d44.s0_266,"The PROTEIN regulon includes a penicillin binding protein ( PROTEIN and a co-transcribed amino acid racemase ( PROTEIN , homologues of signal peptide peptidase ( PROTEIN , flotillin ( PROTEIN , ABC transporters ( PROTEIN1 , non-haem bromoperoxidase ( PROTEIN2 , epoxide hydrolase ( PROTEIN and three small peptides with structural similarities to bacteriocin precursor polypeptides.","[{""label"": ""false""}]"
LLL.d44.s0_267,"The PROTEIN regulon includes a penicillin binding protein ( PROTEIN and a co-transcribed amino acid racemase ( PROTEIN , homologues of signal peptide peptidase ( PROTEIN , flotillin ( PROTEIN , ABC transporters ( PROTEIN , non-haem bromoperoxidase ( PROTEIN1 , epoxide hydrolase ( PROTEIN2 and three small peptides with structural similarities to bacteriocin precursor polypeptides.","[{""label"": ""false""}]"
LLL.d44.s0_268,"The PROTEIN regulon includes a penicillin binding protein ( PROTEIN and a co-transcribed amino acid racemase ( PROTEIN , homologues of signal peptide peptidase ( PROTEIN , flotillin ( PROTEIN , ABC transporters ( PROTEIN1 , non-haem bromoperoxidase ( PROTEIN , epoxide hydrolase ( PROTEIN2 and three small peptides with structural similarities to bacteriocin precursor polypeptides.","[{""label"": ""false""}]"
